Nome,CPF
Augusto Alves,33039603016
Ana Sophia Nascimento,18636609789
Maitê da Cunha,65582904910
Enzo Pereira,84930810634
Maria Alice Mendes,55579185412
Vitor Araújo,29339529670
Laura da Mota,45447034355
Esther Fogaça,34213846960
Heloísa Barbosa,99387966289
Lucas Moura,89580533523
Milena Lima,44460363584
Luigi Costela,33166836622
Camila Nascimento,16233853379
Maysa Ramos,42282872100
Júlia da Conceição,46078985331
Murilo Campos,17498416910
Pietra Fernandes,69782177445
Brenda Gonçalves,62146465529
Enzo Rezende,90945275726
Theo Ferreira,37601104466
João Vitor da Rocha,21271994485
Diogo Souza,83869869425
Miguel Moura,93348661626
Isadora Azevedo,91966972218
Letícia Lima,21916716867
Miguel Moraes,71058545679
Miguel Cavalcanti,63085831986
Clarice Alves,81876847186
Diego Carvalho,57225919946
Anthony Novaes,11696281037
Henrique Melo,11255747328
Gustavo Melo,23007805680
Alícia Silva,51104911851
Maria Vitória Ferreira,93143912277
Raquel Moreira,84558499604
Alexandre Costa,87145058576
Vinicius Peixoto,86487967114
Gabrielly Jesus,25774510135
Davi Fernandes,17819955811
Ana Laura Ribeiro,71892581234
Luiz Fernando Freitas,48977562020
Ana Luiza Santos,65444407627
Alana Correia,26126318051
Antônio Pinto,7662264567
Pedro Pires,10906494706
Marcela Cardoso,56633034070
Pietra Nogueira,98028695086
Marcelo Vieira,47645038030
Alexia da Mata,69349935494
Vitória Almeida,80991952566
Eloah Gonçalves,85891249380
Caio Fogaça,80768307841
Luiz Henrique Rocha,4016204399
Isadora Campos,1698618540
Ana Vitória da Mota,27183763496
Juan Castro,30509912336
João Lucas Oliveira,17534223901
Isaac Cardoso,58268850660
Maysa Rezende,43418705877
Ana Júlia Lopes,55109461593
João Guilherme Cardoso,91057910179
Carlos Eduardo da Rosa,82459054939
Lorena da Conceição,37736387017
Eloah Pinto,84266722175
Raul Carvalho,96751613730
Heitor Barbosa,39374274169
Marina Silveira,31642769703
Lorenzo Nascimento,30762356287
Maria Sophia da Rocha,58445041938
Thiago Vieira,22470718018
Thiago Pereira,5264857065
Vitor Cardoso,62867528266
Lara Moura,18922610187
Danilo Vieira,23628501724
Ana Lívia Gomes,32167344664
Bianca Cardoso,55142208248
Enrico Souza,32742767539
Sofia Moura,68457566760
Ana Luiza Moura,57392802436
Brenda Novaes,73090139258
Levi Moreira,16719448696
Yasmin Moraes,45934115655
Pietra Fernandes,44941139634
Alícia da Paz,11143150825
João Vitor da Paz,52805692650
João Guilherme Ferreira,69532357830
Otávio da Paz,90737662359
Thomas Silveira,23661204459
Brenda Cunha,60070993310
Juan Azevedo,10313173430
