nome,CPF
Enzo Rezende,90945275726
Pietra Fernandes,69782177445
Maysa Ramos,42282872100
Laura da Mota,45447034355
Luigi Costela,33166836622
Juan Azevedo,10313173430
Danilo Vieira,23628501724
Ana Júlia Lopes,55109461593
Brenda Gonçalves,62146465529
Eloah Gonçalves,85891249380
Marcelo Vieira,47645038030
Eloah Pinto,84266722175
Vitor Araújo,29339529670
Camila Nascimento,16233853379
Isadora Campos,1698618540
Laura da Mota,45447034355
Raquel Moreira,84558499604
Augusto Alves,33039603016
Maysa Rezende,43418705877
João Vitor da Rocha,21271994485
Marcela Cardoso,56633034070
Thomas Silveira,23661204459
Lorena da Conceição,37736387017
Pedro Pires,10906494706
Isadora Azevedo,91966972218
Alexandre Costa,87145058576
João Vitor da Paz,52805692650
João Guilherme Cardoso,91057910179
Maysa Ramos,42282872100
Letícia Lima,21916716867
